Data,Hora,MediaDiaria,TipoMedicaoCotas,Maxima,Minima,Media
01/04/2021,,1,1,103012,103003,103007
01/04/2021,01/01/1900 07:00:00,0,1,103012,103003,103007
01/04/2021,01/01/1900 17:00:00,0,1,103012,103003,103007
01/03/2021,01/01/1900 07:00:00,0,1,103030,103007,103017
01/03/2021,01/01/1900 17:00:00,0,1,103030,103007,103017
01/03/2021,,1,1,103030,103007,103017
01/01/2021,,1,1,102917,102891,102907
01/01/2021,01/01/1900 17:00:00,0,1,102917,102891,102907
01/01/2021,01/01/1900 07:00:00,0,1,102917,102891,102907
01/12/2020,01/01/1900 07:00:00,0,1,102892,102870,102880
01/12/2020,01/01/1900 17:00:00,0,1,102892,102870,102880
01/12/2020,,1,1,102892,102870,102880
01/11/2020,,1,1,102889,102856,102869
01/11/2020,01/01/1900 07:00:00,0,1,102889,101860,102852
01/11/2020,01/01/1900 17:00:00,0,1,102889,101860,102852
01/10/2020,,1,1,102884,102841,102858
01/09/2020,,1,1,102944,102886,102915
01/08/2020,,1,1,102986,102945,102969
01/07/2020,,1,1,103003,102988,102996
01/06/2020,,1,1,103010,103002,103005
01/05/2020,,1,1,103021,103008,103013
01/04/2020,,1,1,103043,103017,103027
01/03/2020,,1,1,103051,103015,103029
01/02/2020,,1,1,103026,103003,103018
01/01/2020,,1,1,103001,102795,102897
01/12/2019,,1,1,102796,102753,102781
01/11/2019,,1,1,102772,102747,102758
01/10/2019,,1,1,102843,102774,102806
01/09/2019,,1,1,102923,102846,102885
01/08/2019,,1,1,102974,102926,102953
01/07/2019,,1,1,102996,102974,102987
01/06/2019,,1,1,103005,102996,103001
01/05/2019,,1,1,103018,103005,103010
01/04/2019,,1,1,103034,103014,103022
01/03/2019,,1,1,103032,103008,103017
01/03/2019,,1,1,103032,103008,103017
01/02/2019,,1,1,103013,102998,103006
01/01/2019,,1,1,103012,103001,103007
01/12/2018,,1,1,103009,102903,102971
01/11/2018,,1,1,102901,102751,102812
01/10/2018,,1,1,102777,102744,102757
01/09/2018,,1,1,102844,102780,102812
01/08/2018,,1,1,102895,102847,102872
01/07/2018,,1,1,102939,102896,102919
01/06/2018,,1,1,102960,102940,102953
01/05/2018,,1,1,102960,102943,102951
01/04/2018,,1,1,102943,102840,102901
01/03/2018,,1,1,102837,102709,102777
01/02/2018,,1,1,102708,102601,102672
01/11/2017,,1,1,102225,102185,102197
01/10/2017,,1,1,102330,102198,102268
01/08/2017,,1,1,102562,102466,102516
01/06/2017,,1,1,102692,102640,102668
01/05/2017,,1,1,102710,102693,102701
01/04/2017,,1,1,102711,102670,102699
01/03/2017,,1,1,102665,102591,102619
01/01/2017,,1,1,102420,102360,102384
01/12/2016,,1,1,102427,102398,102413
01/11/2016,,1,1,102399,102366,102381
01/10/2016,,1,1,102508,102401,102457
01/09/2016,,1,1,102643,102513,102576
01/08/2016,,1,1,102757,102644,102702
01/04/2016,,1,1,103006,102974,102991
01/03/2016,,1,1,103013,102918,102980
01/02/2016,,1,1,102917,102850,102886
01/01/2016,,1,1,102848,102621,102702
01/12/2015,,1,1,102647,102612,102633
01/11/2015,,1,1,102692,102628,102656
01/10/2015,,1,1,102771,102674,102716
01/09/2015,,1,1,102858,102772,102816
01/08/2015,,1,1,102939,102863,102902
01/07/2015,,1,1,102980,102939,102961
01/06/2015,,1,1,103002,102980,102993
01/05/2015,,1,1,103017,103002,103009
01/04/2015,,1,1,103021,102959,103003
01/03/2015,,1,1,102955,102792,102863
01/02/2015,,1,1,102785,102742,102767
01/01/2015,,1,1,102792,102748,102769
01/12/2014,,1,1,102796,102699,102758
01/11/2014,,1,1,102697,102680,102686
01/10/2014,,1,1,102784,102691,102732
01/09/2014,,1,1,102868,102788,102833
01/08/2014,,1,1,102941,102870,102909
01/04/2014,,1,1,103034,103016,103024
01/03/2014,,1,1,103029,103012,103019
01/02/2014,,1,1,103022,103001,103010
01/01/2014,,1,1,103026,102971,103003
01/12/2013,,1,1,102964,102760,102841
01/12/2013,,1,1,102964,102760,102841
01/12/2013,01/01/1900 07:00:00,0,1,102964,102760,102841
01/12/2013,01/01/1900 17:00:00,0,1,102964,102760,102841
01/11/2013,01/01/1900 07:00:00,0,1,102755,102726,102739
01/11/2013,01/01/1900 17:00:00,0,1,102755,102726,102739
01/11/2013,,1,1,102755,102726,102739
01/11/2013,,1,1,102755,102726,102739
01/10/2013,,1,1,102782,102740,102764
01/10/2013,,1,1,102782,102740,102764
01/10/2013,01/01/1900 07:00:00,0,1,102782,102740,102764
01/10/2013,01/01/1900 17:00:00,0,1,102782,102740,102764
01/09/2013,,1,1,102860,102772,102816
01/09/2013,,1,1,102860,102772,102816
01/09/2013,01/01/1900 07:00:00,0,1,102860,102772,102816
01/09/2013,01/01/1900 17:00:00,0,1,102860,102772,102816
01/08/2013,01/01/1900 07:00:00,0,1,102940,102863,102903
01/08/2013,01/01/1900 17:00:00,0,1,102940,102863,102903
01/08/2013,,1,1,102940,102863,102903
01/08/2013,,1,1,102940,102863,102903
01/07/2013,,1,1,102988,102942,102967
01/06/2013,01/01/1900 07:00:00,0,1,103006,102989,102999
01/06/2013,01/01/1900 17:00:00,0,1,103006,102989,102999
01/06/2013,,1,1,103006,102989,102999
01/06/2013,,1,1,103006,102989,102999
01/05/2013,,1,1,103008,102996,103002
01/05/2013,01/01/1900 07:00:00,0,1,103008,102996,103002
01/05/2013,01/01/1900 17:00:00,0,1,103008,102996,103002
01/05/2013,,1,1,103008,102996,103002
01/04/2013,,1,1,103025,103008,103017
01/03/2013,,1,1,103025,103008,103016
01/02/2013,,1,1,103030,103006,103014
01/01/2013,,1,1,103040,102898,102967
01/12/2012,01/01/1900 07:00:00,0,1,102899,102836,102872
01/12/2012,01/01/1900 17:00:00,0,1,102899,102836,102872
01/12/2012,,1,1,102899,102836,102872
01/11/2012,,1,1,102835,102708,102771
01/11/2012,01/01/1900 07:00:00,0,1,102835,102708,102771
01/11/2012,01/01/1900 17:00:00,0,1,102835,102708,102771
01/10/2012,,1,1,102797,102709,102754
01/10/2012,01/01/1900 07:00:00,0,1,102797,102709,102754
01/09/2012,01/01/1900 07:00:00,0,1,102873,102800,102831
01/09/2012,01/01/1900 17:00:00,0,1,102873,102800,102831
01/09/2012,,1,1,102873,102800,102831
01/08/2012,,1,1,102946,102876,102913
01/08/2012,01/01/1900 07:00:00,0,1,102946,102876,102913
01/08/2012,01/01/1900 17:00:00,0,1,102946,102876,102913
01/07/2012,,1,1,102990,102947,102971
01/07/2012,01/01/1900 07:00:00,0,1,102990,102947,102971
01/07/2012,01/01/1900 17:00:00,0,1,102990,102947,102971
01/06/2012,,1,1,103007,102990,102999
01/06/2012,01/01/1900 07:00:00,0,1,103007,102990,102999
01/06/2012,01/01/1900 17:00:00,0,1,103007,102990,102999
01/04/2012,,1,1,103022,103010,103014
01/04/2012,01/01/1900 07:00:00,0,1,103022,103010,103014
01/04/2012,01/01/1900 17:00:00,0,1,103022,103010,103014
01/03/2012,01/01/1900 07:00:00,0,1,103030,103008,103016
01/03/2012,01/01/1900 17:00:00,0,1,103030,103008,103016
01/03/2012,,1,1,103030,103008,103016
01/03/2012,,1,1,103030,103008,103016
01/02/2012,01/01/1900 07:00:00,0,1,103025,103012,103019
01/02/2012,,1,1,103024,103012,103019
01/02/2012,01/01/1900 17:00:00,0,1,103025,103012,103019
01/02/2012,,1,1,103025,103012,103019
01/01/2012,,1,1,103044,103021,103029
01/01/2012,,1,1,103044,103021,103029
01/01/2012,01/01/1900 17:00:00,0,1,103044,103021,103029
01/01/2012,01/01/1900 07:00:00,0,1,103044,103021,103029
01/12/2011,,1,1,103025,102828,102942
01/12/2011,01/01/1900 17:00:00,0,1,103025,102828,102942
01/12/2011,01/01/1900 07:00:00,0,1,103025,102828,102942
01/12/2011,,1,1,103025,102828,102942
01/11/2011,01/01/1900 07:00:00,0,1,102815,102686,102714
01/11/2011,01/01/1900 17:00:00,0,1,102815,102686,102714
01/11/2011,,1,1,102815,102686,102714
01/10/2011,,1,1,102700,102661,102682
01/10/2011,01/01/1900 17:00:00,0,1,102700,102661,102682
01/10/2011,01/01/1900 07:00:00,0,1,102700,102661,102682
01/09/2011,01/01/1900 17:00:00,0,1,102793,102682,102737
01/09/2011,,1,1,102793,102682,102737
01/09/2011,01/01/1900 07:00:00,0,1,102793,102682,102737
01/08/2011,,1,1,102886,102798,102844
01/08/2011,01/01/1900 07:00:00,0,1,102886,102798,102844
01/08/2011,01/01/1900 17:00:00,0,1,102886,102798,102844
01/07/2011,,1,1,102949,102888,102921
01/07/2011,01/01/1900 07:00:00,0,1,102949,102888,102921
01/07/2011,01/01/1900 17:00:00,0,1,102949,102888,102921
01/06/2011,01/01/1900 17:00:00,0,1,102985,102951,102969
01/06/2011,,1,1,102985,102951,102969
01/06/2011,01/01/1900 07:00:00,0,1,102985,102951,102969
01/05/2011,01/01/1900 07:00:00,0,1,103002,102984,102994
01/05/2011,01/01/1900 17:00:00,0,1,103002,102984,102994
01/05/2011,,1,1,103002,102984,102994
01/04/2011,,1,1,103016,103000,103009
01/04/2011,01/01/1900 07:00:00,0,1,103016,103000,103009
01/04/2011,01/01/1900 17:00:00,0,1,103016,103000,103009
01/03/2011,,1,1,103020,103011,103016
01/03/2011,01/01/1900 07:00:00,0,1,103020,103011,103016
01/03/2011,01/01/1900 17:00:00,0,1,103020,103011,103016
01/03/2011,,1,1,103020,103011,103016
01/02/2011,,1,1,103022,103009,103015
01/02/2011,01/01/1900 07:00:00,0,1,103023,103009,103015
01/02/2011,01/01/1900 17:00:00,0,1,103023,103009,103015
01/02/2011,,1,1,103023,103009,103015
01/01/2011,,1,1,103039,103009,103021
01/01/2011,01/01/1900 07:00:00,0,1,103039,103009,103021
01/01/2011,01/01/1900 17:00:00,0,1,103039,103009,103021
01/01/2011,,1,1,103039,103010,103021
01/12/2010,,1,1,103024,102767,102864
01/12/2010,01/01/1900 17:00:00,0,1,103024,102767,102864
01/12/2010,01/01/1900 07:00:00,0,1,103024,102767,102864
01/12/2010,,1,1,103024,102767,102864
01/11/2010,,1,1,102766,102660,102720
01/11/2010,01/01/1900 07:00:00,0,1,102766,102660,102720
01/11/2010,01/01/1900 17:00:00,0,1,102766,102660,102720
01/11/2010,,1,1,102766,102661,102720
01/09/2010,01/01/1900 07:00:00,0,1,102794,102684,102736
01/09/2010,01/01/1900 17:00:00,0,1,102794,102684,102736
01/09/2010,,1,1,102794,102684,102736
01/08/2010,01/01/1900 07:00:00,0,1,102875,102794,102836
01/08/2010,01/01/1900 17:00:00,0,1,102875,102794,102836
01/08/2010,,1,1,102875,102794,102836
01/08/2010,,1,1,102875,102794,102836
01/06/2010,,1,1,102984,102942,102965
01/06/2010,,1,1,102984,102942,102965
01/06/2010,01/01/1900 07:00:00,0,1,102984,102942,102965
01/06/2010,01/01/1900 17:00:00,0,1,102984,102942,102965
01/05/2010,01/01/1900 07:00:00,0,1,103002,102986,102996
01/05/2010,01/01/1900 17:00:00,0,1,103002,102986,102996
01/05/2010,,1,1,103002,102986,102996
01/05/2010,,1,1,103002,102986,102996
01/04/2010,,1,1,103028,103001,103011
01/04/2010,,1,1,103028,103001,103011
01/04/2010,01/01/1900 07:00:00,0,1,103028,103001,103011
01/04/2010,01/01/1900 17:00:00,0,1,103028,103001,103011
01/03/2010,01/01/1900 07:00:00,0,1,103019,103008,103013
01/03/2010,01/01/1900 17:00:00,0,1,103019,103008,103013
01/03/2010,,1,1,103019,103008,103013
01/03/2010,,1,1,103019,103008,103013
01/01/2010,,1,1,103035,103010,103017
01/01/2010,01/01/1900 07:00:00,0,1,103035,103010,103017
01/01/2010,01/01/1900 17:00:00,0,1,103035,103010,103017
01/12/2009,,1,1,103024,102990,103013
01/12/2009,01/01/1900 07:00:00,0,1,103024,102990,103013
01/12/2009,01/01/1900 17:00:00,0,1,103024,102990,103013
01/12/2009,,1,1,103024,102990,103013
01/11/2009,01/01/1900 07:00:00,0,1,102988,102952,102970
01/11/2009,01/01/1900 17:00:00,0,1,102988,102952,102970
01/11/2009,,1,1,102988,102952,102970
01/10/2009,,1,1,102952,102900,102922
01/10/2009,01/01/1900 07:00:00,0,1,102952,102900,102922
01/10/2009,01/01/1900 17:00:00,0,1,102952,102900,102922
01/09/2009,01/01/1900 07:00:00,0,1,102928,102908,102917
01/09/2009,01/01/1900 17:00:00,0,1,102927,102908,102917
01/09/2009,,1,1,102928,102908,102917
01/09/2009,,1,1,102928,102908,102917
01/08/2009,,1,1,102969,102930,102945
01/08/2009,,1,1,102969,102928,102945
01/08/2009,01/01/1900 07:00:00,0,1,102969,102928,102945
01/08/2009,01/01/1900 17:00:00,0,1,102969,102930,102946
01/07/2009,01/01/1900 07:00:00,0,1,102998,102971,102987
01/07/2009,01/01/1900 17:00:00,0,1,102998,102971,102987
01/07/2009,,1,1,102998,102971,102987
01/06/2009,,1,1,103010,102998,103004
01/06/2009,01/01/1900 07:00:00,0,1,103010,102998,103004
01/06/2009,01/01/1900 17:00:00,0,1,103010,102998,103003
01/05/2009,01/01/1900 07:00:00,0,1,103021,103004,103011
01/05/2009,01/01/1900 17:00:00,0,1,103021,103004,103011
01/05/2009,,1,1,103021,103004,103011
01/04/2009,,1,1,103034,103008,103019
01/04/2009,01/01/1900 07:00:00,0,1,103034,103008,103019
01/04/2009,01/01/1900 17:00:00,0,1,103034,103008,103019
01/04/2009,,1,1,103034,103008,103019
01/03/2009,,1,1,103014,103007,103012
01/03/2009,01/01/1900 07:00:00,0,1,103014,103007,103012
01/03/2009,01/01/1900 17:00:00,0,1,103014,103007,103011
01/03/2009,,1,1,103014,103007,103012
01/02/2009,,1,1,103028,103014,103020
01/02/2009,01/01/1900 17:00:00,0,1,103028,103014,103020
01/02/2009,01/01/1900 07:00:00,0,1,103028,103014,103020
01/01/2009,01/01/1900 17:00:00,0,1,103030,102932,102992
01/01/2009,01/01/1900 07:00:00,0,1,103030,102932,102992
01/01/2009,,1,1,103030,102932,102992
01/12/2008,,1,1,102930,102772,102840
01/12/2008,01/01/1900 07:00:00,0,1,102930,102770,102840
01/12/2008,01/01/1900 17:00:00,0,1,102930,102773,102840
01/12/2008,,1,1,102930,102770,102840
01/11/2008,,1,1,102765,102701,102724
01/11/2008,01/01/1900 07:00:00,0,1,102760,102701,102724
01/11/2008,01/01/1900 17:00:00,0,1,102765,102701,102724
01/11/2008,,1,1,102763,102701,102724
01/10/2008,,1,1,102815,102732,102780
01/10/2008,01/01/1900 07:00:00,0,1,102815,102732,102780
01/10/2008,01/01/1900 17:00:00,0,1,102816,102732,102780
01/10/2008,,1,1,102816,102732,102780
01/09/2008,,1,1,102882,102815,102844
01/09/2008,01/01/1900 07:00:00,0,1,102882,102816,102844
01/09/2008,01/01/1900 17:00:00,0,1,102882,102815,102844
01/09/2008,,1,1,102882,102816,102844
01/08/2008,,1,1,102948,102884,102918
01/08/2008,01/01/1900 07:00:00,0,1,102948,102884,102918
01/08/2008,01/01/1900 17:00:00,0,1,102948,102884,102918
01/07/2008,01/01/1900 07:00:00,0,1,102984,102950,102968
01/07/2008,01/01/1900 17:00:00,0,1,102984,102950,102968
01/07/2008,,1,1,102984,102950,102968
01/06/2008,,1,1,103001,102985,102994
01/06/2008,01/01/1900 07:00:00,0,1,103001,102985,102994
01/06/2008,01/01/1900 17:00:00,0,1,103001,102985,102994
01/05/2008,01/01/1900 07:00:00,0,1,103011,103001,103005
01/05/2008,01/01/1900 17:00:00,0,1,103011,103001,103005
01/05/2008,,1,1,103011,103001,103005
01/04/2008,,1,1,103032,103012,103018
01/04/2008,01/01/1900 07:00:00,0,1,103032,103012,103018
01/04/2008,01/01/1900 17:00:00,0,1,103031,103012,103018
01/04/2008,,1,1,103032,103012,103018
01/03/2008,,1,1,103036,103013,103026
01/03/2008,01/01/1900 07:00:00,0,1,103036,103014,103026
01/03/2008,01/01/1900 17:00:00,0,1,103035,103013,103025
01/03/2008,,1,1,103036,103014,103026
01/02/2008,,1,1,103034,102884,102963
01/02/2008,01/01/1900 07:00:00,0,1,103034,102884,102962
01/02/2008,01/01/1900 17:00:00,0,1,103034,102884,102963
01/01/2008,,1,1,102881,102752,102799
01/01/2008,,1,1,102882,102752,102799
01/01/2008,01/01/1900 07:00:00,0,1,102880,102752,102799
01/01/2008,01/01/1900 17:00:00,0,1,102882,102752,102800
01/12/2007,01/01/1900 07:00:00,0,1,102760,102656,102710
01/12/2007,01/01/1900 17:00:00,0,1,102760,102656,102711
01/12/2007,,1,1,102760,102656,102711
01/11/2007,,1,1,102668,102647,102657
01/11/2007,01/01/1900 17:00:00,0,1,102668,102647,102657
01/11/2007,01/01/1900 07:00:00,0,1,102668,102647,102658
01/10/2007,01/01/1900 07:00:00,0,1,102760,102667,102711
01/10/2007,01/01/1900 17:00:00,0,1,102760,102665,102711
01/10/2007,,1,1,102760,102665,102711
01/10/2007,,1,1,102760,102666,102711
01/09/2007,,1,1,102859,102764,102809
01/09/2007,01/01/1900 17:00:00,0,1,102859,102764,102809
01/09/2007,01/01/1900 07:00:00,0,1,102859,102764,102810
01/08/2007,01/01/1900 07:00:00,0,1,102926,102860,102895
01/08/2007,01/01/1900 17:00:00,0,1,102926,102860,102894
01/08/2007,,1,1,102926,102860,102894
01/08/2007,,1,1,102926,102860,102894
01/07/2007,,1,1,102971,102928,102952
01/07/2007,01/01/1900 07:00:00,0,1,102971,102928,102952
01/07/2007,01/01/1900 17:00:00,0,1,102971,102928,102952
01/06/2007,01/01/1900 07:00:00,0,1,102998,102973,102988
01/06/2007,01/01/1900 17:00:00,0,1,102997,102973,102988
01/06/2007,,1,1,102998,102973,102988
01/05/2007,,1,1,103009,102998,103001
01/05/2007,01/01/1900 07:00:00,0,1,103009,102998,103001
01/05/2007,01/01/1900 17:00:00,0,1,103009,102998,103001
01/04/2007,01/01/1900 07:00:00,0,1,103012,103005,103009
01/04/2007,01/01/1900 17:00:00,0,1,103012,103005,103009
01/04/2007,,1,1,103012,103005,103009
01/03/2007,01/01/1900 07:00:00,0,1,103030,103007,103015
01/03/2007,01/01/1900 17:00:00,0,1,103030,103007,103015
01/03/2007,,1,1,103030,103007,103015
01/02/2007,01/01/1900 07:00:00,0,1,103035,103019,103026
01/02/2007,01/01/1900 17:00:00,0,1,103035,103019,103026
01/02/2007,,1,1,103035,103019,103026
01/01/2007,01/01/1900 07:00:00,0,1,103036,103018,103025
01/01/2007,01/01/1900 17:00:00,0,1,103036,103018,103025
01/01/2007,,1,1,103036,103018,103025
01/12/2006,,1,1,103023,103006,103014
01/12/2006,01/01/1900 07:00:00,0,1,103023,103006,103014
01/12/2006,01/01/1900 17:00:00,0,1,103023,103006,103014
01/11/2006,01/01/1900 17:00:00,0,1,103020,103004,103011
01/11/2006,01/01/1900 07:00:00,0,1,103020,103004,103011
01/11/2006,,1,1,103020,103004,103011
01/11/2006,,1,1,103020,103004,103011
01/10/2006,,1,1,103014,102878,102940
01/10/2006,01/01/1900 17:00:00,0,1,103014,102878,102940
01/10/2006,01/01/1900 07:00:00,0,1,103014,102878,102940
01/09/2006,,1,1,102934,102886,102910
01/09/2006,01/01/1900 07:00:00,0,1,102934,102886,102910
01/09/2006,01/01/1900 17:00:00,0,1,102934,102886,102910
01/08/2006,01/01/1900 07:00:00,0,1,102979,102935,102960
01/08/2006,01/01/1900 17:00:00,0,1,102979,102935,102960
01/08/2006,,1,1,102979,102935,102960
01/08/2006,,1,1,102979,102935,102960
01/07/2006,,1,1,102995,102978,102989
01/07/2006,01/01/1900 07:00:00,0,1,102995,102978,102989
01/07/2006,01/01/1900 17:00:00,0,1,102995,102978,102989
01/06/2006,01/01/1900 07:00:00,0,1,103006,102995,103000
01/06/2006,01/01/1900 17:00:00,0,1,103006,102995,103000
01/06/2006,,1,1,103006,102995,103000
01/05/2006,,1,1,103016,103006,103010
01/05/2006,01/01/1900 17:00:00,0,1,103016,103006,103010
01/05/2006,01/01/1900 07:00:00,0,1,103016,103006,103010
01/04/2006,,1,1,103034,103016,103021
01/04/2006,,1,1,103034,103015,103021
01/04/2006,01/01/1900 17:00:00,0,1,103034,103016,103021
01/04/2006,01/01/1900 07:00:00,0,1,103034,103015,103021
01/03/2006,01/01/1900 17:00:00,0,1,103028,103012,103020
01/03/2006,01/01/1900 07:00:00,0,1,103028,103012,103020
01/03/2006,,1,1,103028,103012,103020
01/02/2006,,1,1,103020,103009,103013
01/02/2006,01/01/1900 17:00:00,0,1,103020,103009,103013
01/02/2006,01/01/1900 07:00:00,0,1,103020,103009,103013
01/01/2006,01/01/1900 17:00:00,0,1,103026,103001,103010
01/01/2006,01/01/1900 07:00:00,0,1,103026,103001,103010
01/01/2006,,1,1,103026,103001,103010
01/12/2005,,1,1,103020,102944,102997
01/12/2005,01/01/1900 07:00:00,0,1,103020,102944,102997
01/12/2005,01/01/1900 17:00:00,0,1,103020,102945,102997
01/12/2005,,1,1,103020,102945,102997
01/11/2005,,1,1,102928,102895,102905
01/11/2005,01/01/1900 07:00:00,0,1,102928,102895,102905
01/11/2005,01/01/1900 17:00:00,0,1,102928,102895,102905
01/11/2005,,1,1,102928,102895,102905
01/10/2005,,1,1,102951,102895,102925
01/10/2005,01/01/1900 17:00:00,0,1,102951,102895,102925
01/10/2005,01/01/1900 07:00:00,0,1,102951,102895,102925
01/10/2005,,1,1,102951,102895,102925
01/09/2005,,1,1,102981,102952,102966
01/09/2005,01/01/1900 07:00:00,0,1,102981,102952,102966
01/09/2005,01/01/1900 17:00:00,0,1,102981,102952,102966
01/08/2005,01/01/1900 17:00:00,0,1,102990,102976,102983
01/08/2005,01/01/1900 07:00:00,0,1,102990,102976,102982
01/08/2005,,1,1,102990,102976,102983
01/07/2005,,1,1,103002,102988,102997
01/07/2005,01/01/1900 07:00:00,0,1,103002,102988,102997
01/07/2005,01/01/1900 17:00:00,0,1,103002,102988,102997
01/06/2005,01/01/1900 17:00:00,0,1,103008,102997,103003
01/06/2005,01/01/1900 07:00:00,0,1,103008,102997,103003
01/06/2005,,1,1,103008,102997,103003
01/05/2005,,1,1,103015,103002,103008
01/05/2005,01/01/1900 07:00:00,0,1,103016,103002,103008
01/05/2005,01/01/1900 17:00:00,0,1,103014,103002,103008
01/05/2005,,1,1,103016,103002,103008
01/04/2005,,1,1,103031,103008,103016
01/04/2005,01/01/1900 07:00:00,0,1,103031,103010,103016
01/04/2005,01/01/1900 17:00:00,0,1,103031,103008,103016
01/04/2005,,1,1,103031,103009,103016
01/03/2005,,1,1,103047,103023,103034
01/03/2005,,1,1,103047,103022,103034
01/03/2005,01/01/1900 07:00:00,0,1,103047,103022,103034
01/03/2005,01/01/1900 17:00:00,0,1,103046,103022,103034
01/02/2005,01/01/1900 07:00:00,0,1,103046,103015,103024
01/02/2005,,1,1,103050,103015,103024
01/02/2005,01/01/1900 17:00:00,0,1,103050,103015,103024
01/02/2005,,1,1,103046,103015,103024
01/01/2005,,1,1,103029,103008,103018
01/01/2005,01/01/1900 17:00:00,0,1,103030,103009,103018
01/01/2005,,1,1,103030,103007,103018
01/01/2005,01/01/1900 07:00:00,0,1,103029,103007,103018
01/12/2004,,1,1,103002,102902,102928
01/12/2004,01/01/1900 17:00:00,0,1,103002,102902,102928
01/12/2004,01/01/1900 07:00:00,0,1,103002,102903,102928
01/12/2004,,1,1,103002,102903,102928
01/11/2004,,1,1,102907,102889,102897
01/11/2004,01/01/1900 07:00:00,0,1,102907,102889,102897
01/11/2004,01/01/1900 17:00:00,0,1,102907,102889,102897
01/10/2004,01/01/1900 07:00:00,0,1,102906,102890,102895
01/10/2004,01/01/1900 17:00:00,0,1,102906,102890,102895
01/10/2004,,1,1,102906,102890,102895
01/09/2004,,1,1,102969,102907,102944
01/09/2004,01/01/1900 07:00:00,0,1,102969,102907,102944
01/09/2004,01/01/1900 17:00:00,0,1,102969,102907,102944
01/08/2004,01/01/1900 17:00:00,0,1,102994,102970,102982
01/08/2004,01/01/1900 07:00:00,0,1,102994,102970,102983
01/08/2004,,1,1,102994,102970,102983
01/07/2004,,1,1,103002,102994,102998
01/07/2004,01/01/1900 17:00:00,0,1,103002,102994,102998
01/07/2004,01/01/1900 07:00:00,0,1,103002,102994,102998
01/06/2004,01/01/1900 17:00:00,0,1,103008,103000,103003
01/06/2004,01/01/1900 07:00:00,0,1,103008,103000,103003
01/06/2004,,1,1,103008,103000,103003
01/05/2004,,1,1,103015,103004,103010
01/05/2004,01/01/1900 07:00:00,0,1,103015,103004,103010
01/05/2004,01/01/1900 17:00:00,0,1,103015,103004,103010
01/04/2004,,1,1,103034,103013,103023
01/04/2004,01/01/1900 17:00:00,0,1,103034,103013,103023
01/04/2004,01/01/1900 07:00:00,0,1,103034,103013,103024
01/04/2004,,1,1,103034,103013,103023
01/03/2004,,1,1,103040,103017,103026
01/03/2004,01/01/1900 07:00:00,0,1,103040,103017,103026
01/03/2004,01/01/1900 17:00:00,0,1,103040,103017,103026
01/02/2004,01/01/1900 07:00:00,0,1,103043,102992,103026
01/02/2004,01/01/1900 17:00:00,0,1,103040,102999,103026
01/02/2004,,1,1,103043,102992,103026
01/02/2004,,1,1,103042,102996,103026
01/01/2004,,1,1,102985,102701,102803
01/01/2004,01/01/1900 17:00:00,0,1,102985,102701,102803
01/01/2004,01/01/1900 07:00:00,0,1,102985,102701,102802
01/12/2003,01/01/1900 07:00:00,0,1,102732,102698,102715
01/12/2003,01/01/1900 17:00:00,0,1,102732,102698,102715
01/12/2003,,1,1,102732,102698,102715
01/12/2003,,1,1,102732,102698,102715
01/11/2003,,1,1,102752,102723,102739
01/11/2003,,1,1,102752,102721,102739
01/11/2003,01/01/1900 17:00:00,0,1,102752,102721,102739
01/11/2003,01/01/1900 07:00:00,0,1,102752,102724,102739
01/10/2003,01/01/1900 17:00:00,0,1,102820,102746,102782
01/10/2003,01/01/1900 07:00:00,0,1,102820,102746,102782
01/10/2003,,1,1,102820,102746,102782
01/10/2003,,1,1,102820,102746,102782
01/09/2003,,1,1,102889,102824,102858
01/09/2003,,1,1,102889,102824,102858
01/09/2003,01/01/1900 17:00:00,0,1,102889,102824,102858
01/09/2003,01/01/1900 07:00:00,0,1,102889,102824,102858
01/08/2003,01/01/1900 07:00:00,0,1,102939,102889,102915
01/08/2003,01/01/1900 17:00:00,0,1,102939,102889,102915
01/08/2003,,1,1,102939,102889,102915
01/07/2003,,1,1,102980,102940,102961
01/07/2003,01/01/1900 17:00:00,0,1,102980,102939,102961
01/07/2003,01/01/1900 07:00:00,0,1,102980,102940,102961
01/07/2003,,1,1,102980,102939,102961
01/06/2003,01/01/1900 17:00:00,0,1,102998,102980,102990
01/06/2003,01/01/1900 07:00:00,0,1,102998,102980,102991
01/06/2003,,1,1,102998,102980,102990
01/05/2003,,1,1,103005,102985,102994
01/05/2003,01/01/1900 17:00:00,0,1,103005,102985,102994
01/05/2003,,1,1,103005,102985,102994
01/05/2003,01/01/1900 07:00:00,0,1,103005,102985,102994
01/04/2003,,1,1,103025,103005,103016
01/04/2003,01/01/1900 17:00:00,0,1,103025,103005,103016
01/04/2003,01/01/1900 07:00:00,0,1,103025,103006,103016
01/04/2003,,1,1,103025,103006,103016
01/03/2003,,1,1,103022,103010,103015
01/03/2003,01/01/1900 07:00:00,0,1,103022,103010,103015
01/03/2003,01/01/1900 17:00:00,0,1,103022,103010,103015
01/02/2003,01/01/1900 17:00:00,0,1,103025,102995,103013
01/02/2003,01/01/1900 07:00:00,0,1,103025,102995,103013
01/02/2003,,1,1,103025,102995,103013
01/01/2003,,1,1,102995,102860,102926
01/01/2003,01/01/1900 07:00:00,0,1,102996,102860,102926
01/01/2003,01/01/1900 17:00:00,0,1,102994,102860,102926
01/01/2003,,1,1,102996,102860,102926
01/12/2002,,1,1,102853,102826,102838
01/12/2002,01/01/1900 07:00:00,0,1,102853,102826,102838
01/12/2002,01/01/1900 17:00:00,0,1,102853,102826,102838
01/12/2002,,1,1,102853,102826,102838
01/11/2002,,1,1,102848,102828,102839
01/11/2002,01/01/1900 17:00:00,0,1,102848,102828,102839
01/11/2002,01/01/1900 07:00:00,0,1,102848,102828,102839
01/10/2002,01/01/1900 17:00:00,0,1,102882,102827,102859
01/10/2002,01/01/1900 07:00:00,0,1,102882,102827,102859
01/10/2002,,1,1,102882,102827,102859
01/09/2002,,1,1,102939,102888,102912
01/09/2002,01/01/1900 17:00:00,0,1,102939,102888,102912
01/09/2002,01/01/1900 07:00:00,0,1,102939,102888,102912
01/08/2002,01/01/1900 17:00:00,0,1,102973,102926,102949
01/08/2002,01/01/1900 07:00:00,0,1,102973,102926,102949
01/08/2002,,1,1,102973,102926,102949
01/07/2002,,1,1,102990,102973,102981
01/07/2002,01/01/1900 17:00:00,0,1,102990,102973,102981
01/07/2002,01/01/1900 07:00:00,0,1,102990,102973,102981
01/07/2002,,1,1,102990,102973,102981
01/06/2002,,1,1,103000,102990,102996
01/06/2002,01/01/1900 17:00:00,0,1,102999,102990,102996
01/06/2002,01/01/1900 07:00:00,0,1,103000,102992,102996
01/06/2002,,1,1,103000,102991,102996
01/05/2002,,1,1,103009,102999,103003
01/05/2002,01/01/1900 07:00:00,0,1,103009,102999,103003
01/05/2002,01/01/1900 17:00:00,0,1,103009,102999,103003
01/04/2002,01/01/1900 07:00:00,0,1,103020,103005,103015
01/04/2002,01/01/1900 17:00:00,0,1,103020,103005,103015
01/04/2002,,1,1,103020,103005,103015
01/04/2002,,1,1,103020,103005,103015
01/03/2002,,1,1,103021,103014,103018
01/03/2002,01/01/1900 17:00:00,0,1,103021,103014,103018
01/03/2002,01/01/1900 07:00:00,0,1,103021,103014,103018
01/02/2002,01/01/1900 07:00:00,0,1,103036,103022,103030
01/02/2002,01/01/1900 17:00:00,0,1,103036,103020,103030
01/02/2002,,1,1,103036,103020,103030
01/02/2002,,1,1,103036,103021,103030
01/01/2002,,1,1,103054,103020,103035
01/01/2002,,1,1,103054,103020,103035
01/01/2002,01/01/1900 17:00:00,0,1,103054,103020,103035
01/01/2002,01/01/1900 07:00:00,0,1,103054,103020,103034
01/12/2001,01/01/1900 07:00:00,0,1,103038,103021,103028
01/12/2001,01/01/1900 17:00:00,0,1,103038,103021,103028
01/12/2001,,1,1,103038,103021,103028
01/12/2001,,1,1,103038,103021,103028
01/11/2001,,1,1,103020,102895,102953
01/11/2001,01/01/1900 17:00:00,0,1,103020,102895,102954
01/11/2001,01/01/1900 07:00:00,0,1,103020,102895,102953
01/10/2001,01/01/1900 07:00:00,0,1,102898,102893,102896
01/10/2001,01/01/1900 17:00:00,0,1,102898,102893,102896
01/10/2001,,1,1,102898,102893,102896
01/10/2001,,1,1,102898,102893,102896
01/09/2001,,1,1,102927,102895,102911
01/09/2001,,1,1,102927,102895,102911
01/09/2001,01/01/1900 07:00:00,0,1,102927,102895,102911
01/09/2001,01/01/1900 17:00:00,0,1,102927,102895,102910
01/08/2001,01/01/1900 07:00:00,0,1,102978,102934,102953
01/08/2001,01/01/1900 17:00:00,0,1,102978,102934,102952
01/08/2001,,1,1,102978,102934,102953
01/08/2001,,1,1,102978,102934,102953
01/07/2001,,1,1,102990,102977,102983
01/07/2001,01/01/1900 07:00:00,0,1,102990,102977,102983
01/07/2001,01/01/1900 17:00:00,0,1,102990,102977,102983
01/06/2001,01/01/1900 17:00:00,0,1,103004,102990,102999
01/06/2001,01/01/1900 07:00:00,0,1,103004,102990,102999
01/06/2001,,1,1,103004,102990,102999
01/06/2001,,1,1,103004,102990,102999
01/05/2001,,1,1,103010,103004,103006
01/05/2001,,1,1,103010,103002,103006
01/05/2001,01/01/1900 17:00:00,0,1,103010,103002,103005
01/05/2001,01/01/1900 07:00:00,0,1,103010,103004,103006
01/04/2001,01/01/1900 07:00:00,0,1,103024,103009,103015
01/04/2001,01/01/1900 17:00:00,0,1,103024,103008,103015
01/04/2001,,1,1,103024,103008,103015
01/04/2001,,1,1,103024,103009,103015
01/03/2001,,1,1,103034,102986,103022
01/03/2001,,1,1,103034,102985,103022
01/03/2001,01/01/1900 17:00:00,0,1,103034,102986,103022
01/03/2001,01/01/1900 07:00:00,0,1,103034,102985,103022
01/02/2001,01/01/1900 17:00:00,0,1,103020,103007,103015
01/02/2001,01/01/1900 07:00:00,0,1,103020,103007,103016
01/02/2001,,1,1,103020,103007,103015
01/02/2001,,1,1,103020,103007,103015
01/01/2001,,1,1,103032,103001,103011
01/01/2001,,1,1,103032,103000,103011
01/01/2001,01/01/1900 17:00:00,0,1,103032,103001,103011
01/01/2001,01/01/1900 07:00:00,0,1,103032,103000,103011
01/12/2000,01/01/1900 07:00:00,0,1,103029,103013,103019
01/12/2000,01/01/1900 17:00:00,0,1,103027,103012,103018
01/12/2000,,1,1,103029,103012,103019
01/12/2000,,1,1,103028,103013,103019
01/11/2000,,1,1,103027,102947,103000
01/11/2000,,1,1,103027,102946,103000
01/11/2000,01/01/1900 07:00:00,0,1,103027,102946,103000
01/11/2000,01/01/1900 17:00:00,0,1,103027,102948,103000
01/10/2000,01/01/1900 07:00:00,0,1,102936,102894,102916
01/10/2000,01/01/1900 17:00:00,0,1,102933,102895,102916
01/10/2000,,1,1,102936,102894,102916
01/10/2000,,1,1,102934,102895,102916
01/09/2000,,1,1,102951,102932,102942
01/09/2000,,1,1,102953,102931,102942
01/09/2000,01/01/1900 17:00:00,0,1,102953,102931,102942
01/09/2000,01/01/1900 07:00:00,0,1,102950,102931,102942
01/08/2000,01/01/1900 17:00:00,0,1,102968,102928,102948
01/08/2000,01/01/1900 07:00:00,0,1,102970,102928,102948
01/08/2000,,1,1,102970,102928,102948
01/08/2000,,1,1,102969,102928,102948
01/07/2000,,1,1,102994,102970,102982
01/07/2000,,1,1,102994,102969,102982
01/07/2000,01/01/1900 07:00:00,0,1,102994,102969,102982
01/07/2000,01/01/1900 17:00:00,0,1,102994,102969,102982
01/06/2000,01/01/1900 07:00:00,0,1,103000,102993,102998
01/06/2000,01/01/1900 17:00:00,0,1,103000,102992,102998
01/06/2000,,1,1,103000,102992,102998
01/06/2000,,1,1,103000,102993,102998
01/05/2000,,1,1,103010,102997,103004
01/05/2000,,1,1,103010,102997,103004
01/05/2000,01/01/1900 17:00:00,0,1,103009,102997,103004
01/05/2000,01/01/1900 07:00:00,0,1,103010,102997,103004
01/04/2000,01/01/1900 17:00:00,0,1,103018,103008,103013
01/04/2000,01/01/1900 07:00:00,0,1,103018,103008,103013
01/04/2000,,1,1,103018,103008,103013
01/04/2000,,1,1,103018,103008,103013
01/03/2000,,1,1,103031,103016,103022
01/03/2000,,1,1,103031,103015,103022
01/03/2000,01/01/1900 07:00:00,0,1,103031,103015,103022
01/03/2000,01/01/1900 17:00:00,0,1,103030,103015,103021
01/02/2000,01/01/1900 17:00:00,0,1,103034,103014,103022
01/02/2000,01/01/1900 07:00:00,0,1,103040,103014,103022
01/02/2000,,1,1,103040,103014,103022
01/02/2000,,1,1,103037,103016,103022
01/01/2000,,1,1,103034,103014,103024
01/01/2000,,1,1,103034,103013,103024
01/01/2000,01/01/1900 17:00:00,0,1,103033,103013,103024
01/01/2000,01/01/1900 07:00:00,0,1,103034,103014,103024
01/12/1999,01/01/1900 07:00:00,0,1,103030,102978,103014
01/12/1999,01/01/1900 17:00:00,0,1,103030,102981,103015
01/12/1999,,1,1,103030,102978,103015
01/12/1999,,1,1,103030,102980,103015
01/11/1999,,1,1,102971,102802,102879
01/11/1999,,1,1,102972,102801,102879
01/11/1999,01/01/1900 17:00:00,0,1,102972,102801,102880
01/11/1999,01/01/1900 07:00:00,0,1,102970,102803,102878
01/10/1999,01/01/1900 17:00:00,0,1,102826,102793,102810
01/10/1999,01/01/1900 07:00:00,0,1,102827,102793,102810
01/10/1999,,1,1,102827,102793,102810
01/10/1999,,1,1,102827,102793,102810
01/09/1999,,1,1,102855,102814,102828
01/09/1999,,1,1,102855,102813,102828
01/09/1999,01/01/1900 17:00:00,0,1,102854,102813,102828
01/09/1999,01/01/1900 07:00:00,0,1,102855,102813,102828
01/08/1999,01/01/1900 17:00:00,0,1,102923,102856,102890
01/08/1999,01/01/1900 07:00:00,0,1,102923,102858,102890
01/08/1999,,1,1,102923,102856,102890
01/08/1999,,1,1,102923,102857,102890
01/07/1999,,1,1,102968,102924,102946
01/07/1999,,1,1,102968,102923,102946
01/07/1999,01/01/1900 17:00:00,0,1,102968,102924,102946
01/07/1999,01/01/1900 07:00:00,0,1,102968,102923,102946
01/06/1999,01/01/1900 07:00:00,0,1,102992,102958,102981
01/06/1999,01/01/1900 17:00:00,0,1,102990,102955,102980
01/06/1999,,1,1,102992,102955,102980
01/06/1999,,1,1,102991,102957,102980
01/05/1999,,1,1,103001,102989,102995
01/05/1999,,1,1,103002,102989,102995
01/05/1999,01/01/1900 07:00:00,0,1,103000,102989,102995
01/05/1999,01/01/1900 17:00:00,0,1,103002,102989,102995
01/04/1999,01/01/1900 17:00:00,0,1,103006,102997,103000
01/04/1999,01/01/1900 07:00:00,0,1,103005,102996,103000
01/04/1999,,1,1,103006,102996,103000
01/04/1999,,1,1,103006,102997,103000
01/03/1999,,1,1,103030,103004,103011
01/03/1999,01/01/1900 07:00:00,0,1,103030,103004,103011
01/03/1999,01/01/1900 17:00:00,0,1,103030,103004,103011
01/02/1999,01/01/1900 17:00:00,0,1,103005,102998,103002
01/02/1999,01/01/1900 07:00:00,0,1,103005,102998,103002
01/02/1999,,1,1,103005,102998,103002
01/02/1999,,1,1,103005,102998,103002
01/01/1999,,1,1,103012,102966,102995
01/01/1999,01/01/1900 17:00:00,0,1,103012,102966,102995
01/01/1999,01/01/1900 07:00:00,0,1,103012,102966,102995
01/12/1998,01/01/1900 07:00:00,0,1,102960,102862,102918
01/12/1998,01/01/1900 17:00:00,0,1,102960,102862,102918
01/12/1998,,1,1,102960,102862,102918
01/12/1998,,1,1,102960,102862,102918
01/11/1998,,1,1,102839,102758,102793
01/11/1998,01/01/1900 07:00:00,0,1,102839,102758,102793
01/11/1998,01/01/1900 17:00:00,0,1,102839,102758,102793
01/10/1998,01/01/1900 07:00:00,0,1,102800,102746,102773
01/10/1998,01/01/1900 17:00:00,0,1,102800,102746,102773
01/10/1998,,1,1,102800,102746,102773
01/10/1998,,1,1,102800,102746,102773
01/09/1998,,1,1,102879,102790,102838
01/09/1998,01/01/1900 17:00:00,0,1,102879,102790,102838
01/09/1998,01/01/1900 07:00:00,0,1,102879,102790,102838
01/08/1998,01/01/1900 07:00:00,0,1,102922,102886,102902
01/08/1998,01/01/1900 17:00:00,0,1,102922,102886,102902
01/08/1998,,1,1,102922,102886,102902
01/07/1998,,1,1,102971,102926,102950
01/07/1998,01/01/1900 17:00:00,0,1,102971,102926,102950
01/07/1998,01/01/1900 07:00:00,0,1,102971,102926,102950
01/06/1998,01/01/1900 17:00:00,0,1,102994,102972,102985
01/06/1998,01/01/1900 07:00:00,0,1,102994,102972,102985
01/06/1998,,1,1,102994,102972,102985
01/06/1998,,1,1,102994,102972,102985
01/05/1998,,1,1,103000,102993,102997
01/05/1998,01/01/1900 17:00:00,0,1,103000,102993,102997
01/05/1998,01/01/1900 07:00:00,0,1,103000,102993,102997
01/04/1998,01/01/1900 07:00:00,0,1,103006,102990,102999
01/04/1998,01/01/1900 17:00:00,0,1,103006,102990,102999
01/04/1998,,1,1,103006,102990,102999
01/03/1998,,1,1,103022,103001,103009
01/03/1998,01/01/1900 07:00:00,0,1,103022,103001,103009
01/03/1998,01/01/1900 17:00:00,0,1,103022,103001,103009
01/02/1998,01/01/1900 17:00:00,0,1,103013,103002,103006
01/02/1998,01/01/1900 07:00:00,0,1,103013,103002,103006
01/02/1998,,1,1,103013,103002,103006
01/01/1998,,1,1,103014,102990,103002
01/01/1998,01/01/1900 07:00:00,0,1,103014,102990,103002
01/01/1998,01/01/1900 17:00:00,0,1,103014,102990,103002
01/12/1997,01/01/1900 17:00:00,0,1,102998,102936,102969
01/12/1997,01/01/1900 07:00:00,0,1,102998,102936,102969
01/12/1997,,1,1,102998,102936,102969
01/11/1997,,1,1,102936,102890,102905
01/11/1997,01/01/1900 07:00:00,0,1,102936,102890,102905
01/11/1997,01/01/1900 17:00:00,0,1,102936,102890,102904
01/10/1997,01/01/1900 07:00:00,0,1,102946,102912,102926
01/10/1997,01/01/1900 17:00:00,0,1,102946,102911,102926
01/10/1997,,1,1,102946,102911,102926
01/10/1997,,1,1,102946,102912,102926
01/09/1997,,1,1,102966,102942,102951
01/09/1997,01/01/1900 17:00:00,0,1,102966,102942,102951
01/09/1997,01/01/1900 07:00:00,0,1,102966,102942,102951
01/08/1997,01/01/1900 17:00:00,0,1,102995,102974,102985
01/08/1997,01/01/1900 07:00:00,0,1,102995,102974,102985
01/08/1997,,1,1,102995,102974,102985
01/07/1997,,1,1,103000,102995,102998
01/07/1997,01/01/1900 17:00:00,0,1,103000,102995,102998
01/07/1997,01/01/1900 07:00:00,0,1,103000,102995,102998
01/06/1997,01/01/1900 07:00:00,0,1,103002,103000,103001
01/06/1997,01/01/1900 17:00:00,0,1,103002,103000,103001
01/06/1997,,1,1,103002,103000,103001
01/06/1997,,1,1,103002,103000,103001
01/05/1997,,1,1,103012,103001,103005
01/05/1997,,1,1,103012,103001,103005
01/05/1997,01/01/1900 17:00:00,0,1,103012,103001,103005
01/05/1997,01/01/1900 07:00:00,0,1,103012,103001,103005
01/04/1997,01/01/1900 17:00:00,0,1,103023,103009,103014
01/04/1997,01/01/1900 07:00:00,0,1,103023,103009,103014
01/04/1997,,1,1,103023,103009,103014
01/03/1997,,1,1,103029,103006,103013
01/03/1997,01/01/1900 17:00:00,0,1,103029,103006,103013
01/03/1997,01/01/1900 07:00:00,0,1,103029,103006,103013
01/02/1997,01/01/1900 17:00:00,0,1,103019,103000,103008
01/02/1997,01/01/1900 07:00:00,0,1,103019,103000,103008
01/02/1997,,1,1,103019,103000,103008
01/02/1997,,1,1,103019,103000,103008
01/01/1997,,1,1,103016,102785,102944
01/01/1997,,1,1,103016,102787,102944
01/01/1997,01/01/1900 07:00:00,0,1,103016,102785,102943
01/01/1997,01/01/1900 17:00:00,0,1,103016,102789,102944
01/12/1996,01/01/1900 17:00:00,0,1,102784,102720,102748
01/12/1996,01/01/1900 07:00:00,0,1,102784,102720,102747
01/12/1996,,1,1,102784,102720,102748
01/11/1996,,1,1,102716,102614,102644
01/11/1996,,1,1,102716,102614,102644
01/11/1996,01/01/1900 17:00:00,0,1,102716,102614,102644
01/11/1996,01/01/1900 07:00:00,0,1,102715,102614,102644
01/10/1996,01/01/1900 07:00:00,0,1,102680,102632,102656
01/10/1996,01/01/1900 17:00:00,0,1,102680,102632,102656
01/10/1996,,1,1,102680,102632,102656
01/09/1996,,1,1,102780,102690,102736
01/09/1996,,1,1,102780,102690,102736
01/09/1996,01/01/1900 17:00:00,0,1,102780,102690,102735
01/09/1996,01/01/1900 07:00:00,0,1,102780,102690,102736
01/08/1996,01/01/1900 17:00:00,0,1,102860,102788,102827
01/08/1996,01/01/1900 07:00:00,0,1,102861,102788,102827
01/08/1996,,1,1,102861,102788,102827
01/08/1996,,1,1,102861,102788,102827
01/07/1996,,1,1,102930,102864,102903
01/07/1996,01/01/1900 07:00:00,0,1,102930,102864,102903
01/07/1996,01/01/1900 17:00:00,0,1,102930,102864,102903
01/06/1996,01/01/1900 17:00:00,0,1,102982,102929,102962
01/06/1996,01/01/1900 07:00:00,0,1,102982,102929,102963
01/06/1996,,1,1,102982,102929,102963
01/05/1996,,1,1,102998,102982,102989
01/05/1996,01/01/1900 07:00:00,0,1,102998,102982,102989
01/05/1996,01/01/1900 17:00:00,0,1,102998,102982,102989
01/04/1996,01/01/1900 17:00:00,0,1,103006,102995,103001
01/04/1996,01/01/1900 07:00:00,0,1,103006,102995,103001
01/04/1996,,1,1,103006,102995,103001
01/03/1996,,1,1,103015,102995,103003
01/03/1996,,1,1,103020,102995,103003
01/03/1996,01/01/1900 17:00:00,0,1,103010,102995,103002
01/03/1996,01/01/1900 07:00:00,0,1,103020,102995,103003
01/02/1996,01/01/1900 17:00:00,0,1,103002,102995,102998
01/02/1996,01/01/1900 07:00:00,0,1,103002,102995,102998
01/02/1996,,1,1,103002,102995,102998
01/12/1995,,1,1,102988,102817,102890
01/12/1995,,1,1,102988,102814,102889
01/12/1995,01/01/1900 07:00:00,0,1,102988,102814,102889
01/12/1995,01/01/1900 17:00:00,0,1,102988,102814,102889
01/11/1995,01/01/1900 07:00:00,0,1,102812,102792,102801
01/11/1995,01/01/1900 17:00:00,0,1,102812,102792,102801
01/11/1995,,1,1,102812,102792,102801
01/10/1995,,1,1,102845,102795,102824
01/10/1995,01/01/1900 17:00:00,0,1,102845,102795,102824
01/10/1995,01/01/1900 07:00:00,0,1,102845,102795,102824
01/09/1995,01/01/1900 17:00:00,0,1,102910,102855,102884
01/09/1995,01/01/1900 07:00:00,0,1,102910,102855,102884
01/09/1995,,1,1,102910,102855,102884
01/08/1995,,1,1,102968,102928,102947
01/08/1995,01/01/1900 07:00:00,0,1,102968,102928,102947
01/08/1995,01/01/1900 17:00:00,0,1,102968,102928,102947
01/07/1995,,1,1,103000,102970,102985
01/07/1995,01/01/1900 07:00:00,0,1,103000,102970,102985
01/07/1995,01/01/1900 17:00:00,0,1,103000,102970,102985
01/06/1995,,1,1,103003,103000,103001
01/06/1995,01/01/1900 17:00:00,0,1,103003,103000,103001
01/06/1995,01/01/1900 07:00:00,0,1,103003,103000,103001
01/05/1995,01/01/1900 07:00:00,0,1,103014,103003,103010
01/05/1995,01/01/1900 17:00:00,0,1,103014,103003,103010
01/05/1995,,1,1,103014,103003,103010
01/04/1995,,1,1,103022,103013,103017
01/04/1995,01/01/1900 07:00:00,0,1,103022,103013,103017
01/04/1995,01/01/1900 17:00:00,0,1,103022,103013,103017
01/04/1995,,1,1,103022,103013,103017
01/03/1995,01/01/1900 07:00:00,0,1,103022,103013,103016
01/03/1995,01/01/1900 17:00:00,0,1,103022,103013,103016
01/03/1995,,1,1,103022,103013,103016
01/02/1995,,1,1,103020,103012,103017
01/02/1995,01/01/1900 17:00:00,0,1,103020,103012,103017
01/02/1995,01/01/1900 07:00:00,0,1,103020,103012,103017
01/01/1995,01/01/1900 07:00:00,0,1,103016,103008,103013
01/01/1995,01/01/1900 17:00:00,0,1,103016,103008,103013
01/01/1995,,1,1,103016,103008,103013
01/12/1994,,1,1,103007,102980,102997
01/12/1994,01/01/1900 07:00:00,0,1,103007,102980,102997
01/12/1994,01/01/1900 17:00:00,0,1,103007,102980,102997
01/11/1994,01/01/1900 17:00:00,0,1,102960,102878,102899
01/11/1994,01/01/1900 07:00:00,0,1,102960,102878,102899
01/11/1994,,1,1,102960,102878,102899
01/10/1994,,1,1,102934,102900,102915
01/10/1994,01/01/1900 07:00:00,0,1,102934,102900,102915
01/10/1994,01/01/1900 17:00:00,0,1,102934,102900,102915
01/09/1994,,1,1,102979,102939,102963
01/09/1994,01/01/1900 07:00:00,0,1,102979,102939,102963
01/09/1994,01/01/1900 17:00:00,0,1,102979,102939,102963
01/08/1994,01/01/1900 17:00:00,0,1,103001,102995,102999
01/08/1994,01/01/1900 07:00:00,0,1,103001,102995,102999
01/08/1994,,1,1,103001,102995,102999
01/08/1994,,1,1,103001,102995,102999
01/07/1994,,1,1,103006,103000,103001
01/07/1994,01/01/1900 07:00:00,0,1,103006,103000,103001
01/07/1994,01/01/1900 17:00:00,0,1,103006,103000,103001
01/06/1994,,1,1,103008,103004,103006
01/06/1994,01/01/1900 17:00:00,0,1,103008,103004,103006
01/06/1994,01/01/1900 07:00:00,0,1,103008,103004,103006
01/05/1994,01/01/1900 07:00:00,0,1,103015,103004,103009
01/05/1994,01/01/1900 17:00:00,0,1,103015,103004,103009
01/05/1994,,1,1,103015,103004,103009
01/04/1994,,1,1,103024,103015,103019
01/04/1994,01/01/1900 07:00:00,0,1,103024,103015,103019
01/04/1994,01/01/1900 17:00:00,0,1,103024,103015,103019
01/03/1994,01/01/1900 17:00:00,0,1,103054,103014,103031
01/03/1994,01/01/1900 07:00:00,0,1,103054,103014,103031
01/03/1994,,1,1,103054,103014,103031
01/03/1994,,1,1,103054,103014,103031
01/02/1994,,1,1,103026,103014,103017
01/02/1994,01/01/1900 07:00:00,0,1,103026,103014,103017
01/02/1994,01/01/1900 17:00:00,0,1,103026,103014,103017
01/01/1994,01/01/1900 07:00:00,0,1,103042,103016,103023
01/01/1994,01/01/1900 17:00:00,0,1,103042,103016,103023
01/01/1994,,1,1,103042,103016,103023
01/12/1993,,1,1,103030,102904,102953
01/12/1993,01/01/1900 07:00:00,0,1,103030,102904,102953
01/12/1993,01/01/1900 17:00:00,0,1,103030,102904,102952
01/11/1993,01/01/1900 17:00:00,0,1,102930,102904,102913
01/11/1993,01/01/1900 07:00:00,0,1,102930,102904,102913
01/11/1993,,1,1,102930,102904,102913
01/11/1993,,1,1,102930,102904,102913
01/10/1993,,1,1,102950,102930,102941
01/10/1993,01/01/1900 07:00:00,0,1,102950,102930,102941
01/10/1993,01/01/1900 17:00:00,0,1,102950,102930,102941
01/09/1993,01/01/1900 17:00:00,0,1,102974,102943,102958
01/09/1993,01/01/1900 07:00:00,0,1,102976,102943,102957
01/09/1993,,1,1,102976,102943,102957
01/09/1993,,1,1,102975,102943,102957
01/08/1993,,1,1,102985,102974,102978
01/08/1993,01/01/1900 17:00:00,0,1,102985,102974,102978
01/08/1993,01/01/1900 07:00:00,0,1,102985,102974,102978
01/07/1993,01/01/1900 17:00:00,0,1,102998,102978,102990
01/07/1993,01/01/1900 07:00:00,0,1,102998,102978,102989
01/07/1993,,1,1,102998,102978,102989
01/06/1993,,1,1,103008,102998,103003
01/06/1993,,1,1,103008,102998,103003
01/06/1993,01/01/1900 07:00:00,0,1,103008,102998,103003
01/06/1993,01/01/1900 17:00:00,0,1,103008,102998,103003
01/05/1993,01/01/1900 07:00:00,0,1,103008,103003,103006
01/05/1993,01/01/1900 17:00:00,0,1,103008,103003,103006
01/05/1993,,1,1,103008,103003,103006
01/04/1993,,1,1,103025,103008,103016
01/04/1993,01/01/1900 17:00:00,0,1,103025,103008,103016
01/04/1993,01/01/1900 07:00:00,0,1,103025,103008,103016
01/03/1993,01/01/1900 17:00:00,0,1,103028,103010,103014
01/03/1993,01/01/1900 07:00:00,0,1,103028,103010,103014
01/03/1993,,1,1,103028,103010,103014
01/02/1993,,1,1,103030,103008,103016
01/02/1993,01/01/1900 17:00:00,0,1,103030,103008,103016
01/02/1993,01/01/1900 07:00:00,0,1,103030,103008,103016
01/01/1993,01/01/1900 17:00:00,0,1,103030,103010,103017
01/01/1993,01/01/1900 07:00:00,0,1,103030,103010,103018
01/01/1993,,1,1,103030,103010,103018
01/12/1992,,1,1,103037,103016,103029
01/12/1992,01/01/1900 17:00:00,0,1,103037,103016,103029
01/12/1992,01/01/1900 07:00:00,0,1,103037,103016,103029
01/11/1992,01/01/1900 17:00:00,0,1,103022,103004,103014
01/11/1992,,1,1,103022,103004,103014
01/11/1992,,1,1,103022,103004,103014
01/11/1992,01/01/1900 07:00:00,0,1,103022,103004,103014
01/10/1992,01/01/1900 07:00:00,0,1,103007,102998,103003
01/10/1992,01/01/1900 17:00:00,0,1,103007,102998,103003
01/10/1992,,1,1,103007,102998,103003
01/09/1992,,1,1,102989,102984,102985
01/09/1992,01/01/1900 07:00:00,0,1,102989,102984,102985
01/09/1992,01/01/1900 17:00:00,0,1,102989,102984,102985
01/08/1992,01/01/1900 17:00:00,0,1,102994,102980,102990
01/08/1992,01/01/1900 07:00:00,0,1,102994,102980,102990
01/08/1992,,1,1,102994,102980,102990
01/07/1992,,1,1,103000,102994,102999
01/07/1992,01/01/1900 17:00:00,0,1,103000,102994,102999
01/07/1992,01/01/1900 07:00:00,0,1,103000,102994,102999
01/06/1992,01/01/1900 17:00:00,0,1,103005,103000,103002
01/06/1992,01/01/1900 07:00:00,0,1,103005,103000,103002
01/06/1992,,1,1,103005,103000,103002
01/05/1992,,1,1,103024,103006,103015
01/05/1992,01/01/1900 17:00:00,0,1,103024,103006,103015
01/05/1992,01/01/1900 07:00:00,0,1,103024,103006,103015
01/01/1992,,1,1,103027,103009,103015
01/01/1992,,1,1,103027,103008,103015
01/01/1992,01/01/1900 17:00:00,0,1,103027,103008,103015
01/01/1992,01/01/1900 07:00:00,0,1,103027,103009,103015
01/12/1991,01/01/1900 17:00:00,0,1,103016,102978,103006
01/12/1991,01/01/1900 07:00:00,0,1,103016,102978,103005
01/12/1991,,1,1,103016,102978,103005
01/12/1991,,1,1,103016,102978,103005
01/11/1991,,1,1,102979,102934,102954
01/11/1991,,1,1,102979,102933,102954
01/11/1991,01/01/1900 17:00:00,0,1,102979,102933,102954
01/11/1991,01/01/1900 07:00:00,0,1,102979,102934,102954
01/10/1991,01/01/1900 07:00:00,0,1,102950,102938,102943
01/10/1991,01/01/1900 17:00:00,0,1,102950,102938,102943
01/10/1991,,1,1,102950,102938,102943
01/09/1991,,1,1,102962,102938,102947
01/09/1991,,1,1,102962,102938,102947
01/09/1991,01/01/1900 17:00:00,0,1,102962,102938,102947
01/09/1991,01/01/1900 07:00:00,0,1,102962,102938,102947
01/08/1991,01/01/1900 17:00:00,0,1,102997,102967,102981
01/08/1991,01/01/1900 07:00:00,0,1,102997,102968,102981
01/08/1991,,1,1,102997,102967,102981
01/08/1991,,1,1,102997,102968,102981
01/07/1991,,1,1,102998,102987,102995
01/07/1991,01/01/1900 17:00:00,0,1,102998,102987,102995
01/07/1991,01/01/1900 07:00:00,0,1,102998,102987,102995
01/06/1991,01/01/1900 07:00:00,0,1,103005,103000,103002
01/06/1991,01/01/1900 17:00:00,0,1,103005,103000,103002
01/06/1991,,1,1,103005,103000,103002
01/05/1991,01/01/1900 17:00:00,0,1,103005,102908,102977
01/05/1991,,1,1,103005,102908,102979
01/05/1991,,1,1,103005,102908,102979
01/05/1991,01/01/1900 07:00:00,0,1,103005,102908,102980
01/04/1991,01/01/1900 07:00:00,0,1,103032,103009,103020
01/04/1991,01/01/1900 17:00:00,0,1,103032,103009,103020
01/04/1991,,1,1,103032,103009,103020
01/03/1991,01/01/1900 07:00:00,0,1,103044,103012,103021
01/03/1991,01/01/1900 17:00:00,0,1,103044,103012,103021
01/03/1991,,1,1,103044,103012,103021
01/12/1990,01/01/1900 17:00:00,0,1,103011,102998,103004
01/12/1990,01/01/1900 07:00:00,0,1,103011,102998,103004
01/12/1990,,1,1,103011,102998,103004
01/11/1990,01/01/1900 17:00:00,0,1,103012,103000,103002
01/11/1990,01/01/1900 07:00:00,0,1,103012,103000,103002
01/11/1990,,1,1,103012,103000,103002
01/10/1990,01/01/1900 07:00:00,0,1,103004,102980,102991
01/10/1990,01/01/1900 17:00:00,0,1,103004,102980,102991
01/10/1990,,1,1,103004,102980,102991
01/09/1990,01/01/1900 07:00:00,0,1,103006,102989,102997
01/09/1990,01/01/1900 17:00:00,0,1,103006,102989,102997
01/09/1990,,1,1,103006,102989,102997
01/09/1990,,1,1,103006,102989,102997
01/08/1990,01/01/1900 17:00:00,0,1,103001,102988,102994
01/08/1990,01/01/1900 07:00:00,0,1,103001,102988,102994
01/08/1990,,1,1,103001,102988,102994
01/07/1990,01/01/1900 07:00:00,0,1,103013,103000,103004
01/07/1990,01/01/1900 17:00:00,0,1,103013,103000,103004
01/07/1990,,1,1,103013,103000,103004
01/07/1990,,1,1,103013,103000,103004
01/06/1990,01/01/1900 17:00:00,0,1,103004,103000,103001
01/06/1990,01/01/1900 07:00:00,0,1,103004,103000,103002
01/06/1990,,1,1,103004,103000,103001
01/05/1990,01/01/1900 17:00:00,0,1,103013,103004,103008
01/05/1990,01/01/1900 07:00:00,0,1,103013,103004,103008
01/05/1990,,1,1,103013,103004,103008
01/04/1990,01/01/1900 17:00:00,0,1,103024,103008,103014
01/04/1990,01/01/1900 07:00:00,0,1,103024,103008,103014
01/04/1990,,1,1,103024,103008,103014
01/03/1990,01/01/1900 17:00:00,0,1,103020,103010,103016
01/03/1990,01/01/1900 07:00:00,0,1,103020,103010,103016
01/03/1990,,1,1,103020,103010,103016
01/02/1990,01/01/1900 07:00:00,0,1,103028,103010,103020
01/02/1990,01/01/1900 17:00:00,0,1,103028,103010,103019
01/02/1990,,1,1,103028,103010,103020
01/01/1990,01/01/1900 07:00:00,0,1,103038,103011,103023
01/01/1990,01/01/1900 17:00:00,0,1,103038,103011,103023
01/01/1990,,1,1,103038,103011,103023
01/11/1989,01/01/1900 17:00:00,0,1,103017,102966,102994
01/11/1989,01/01/1900 07:00:00,0,1,103017,102966,102994
01/11/1989,,1,1,103017,102966,102994
01/10/1989,01/01/1900 07:00:00,0,1,102966,102938,102951
01/10/1989,01/01/1900 17:00:00,0,1,102966,102938,102951
01/10/1989,,1,1,102966,102938,102951
01/10/1989,,1,1,102966,102938,102951
01/09/1989,01/01/1900 17:00:00,0,1,102960,102946,102954
01/09/1989,01/01/1900 07:00:00,0,1,102960,102946,102954
01/09/1989,,1,1,102960,102946,102954
01/09/1989,,1,1,102960,102946,102954
01/08/1989,01/01/1900 07:00:00,0,1,102979,102958,102968
01/08/1989,01/01/1900 17:00:00,0,1,102979,102958,102968
01/08/1989,,1,1,102979,102958,102968
01/07/1989,01/01/1900 07:00:00,0,1,102999,102974,102987
01/07/1989,01/01/1900 17:00:00,0,1,102999,102974,102987
01/07/1989,,1,1,102999,102974,102987
01/05/1989,01/01/1900 07:00:00,0,1,103000,102990,102996
01/05/1989,01/01/1900 17:00:00,0,1,103000,102990,102996
01/05/1989,,1,1,103000,102990,102996
01/04/1989,01/01/1900 17:00:00,0,1,103012,103004,103008
01/04/1989,01/01/1900 07:00:00,0,1,103012,103004,103008
01/04/1989,,1,1,103012,103004,103008
01/02/1989,01/01/1900 17:00:00,0,1,103020,103007,103015
01/02/1989,01/01/1900 07:00:00,0,1,103020,103007,103015
01/02/1989,,1,1,103020,103007,103015
01/01/1989,01/01/1900 07:00:00,0,1,103022,103008,103016
01/01/1989,01/01/1900 17:00:00,0,1,103022,103008,103016
01/01/1989,,1,1,103022,103008,103016
01/10/1988,01/01/1900 07:00:00,0,1,102938,102900,102912
01/10/1988,01/01/1900 17:00:00,0,1,102938,102900,102912
01/10/1988,,1,1,102938,102900,102912
01/09/1988,01/01/1900 07:00:00,0,1,102960,102919,102941
01/09/1988,01/01/1900 17:00:00,0,1,102960,102919,102941
01/09/1988,,1,1,102960,102919,102941
01/08/1988,01/01/1900 17:00:00,0,1,102988,102960,102976
01/08/1988,01/01/1900 07:00:00,0,1,102988,102960,102976
01/08/1988,,1,1,102988,102960,102976
01/07/1988,01/01/1900 07:00:00,0,1,102998,102988,102993
01/07/1988,01/01/1900 17:00:00,0,1,102998,102988,102993
01/07/1988,,1,1,102998,102988,102993
01/06/1988,01/01/1900 07:00:00,0,1,103002,102998,103000
01/06/1988,01/01/1900 17:00:00,0,1,103002,102998,103000
01/06/1988,,1,1,103002,102998,103000
01/05/1988,01/01/1900 17:00:00,0,1,103010,103002,103005
01/05/1988,01/01/1900 07:00:00,0,1,103010,103002,103005
01/05/1988,,1,1,103010,103002,103005
01/04/1988,01/01/1900 17:00:00,0,1,103028,103008,103018
01/04/1988,01/01/1900 07:00:00,0,1,103028,103008,103018
01/04/1988,,1,1,103028,103008,103018
01/02/1988,01/01/1900 17:00:00,0,1,103034,103007,103016
01/02/1988,01/01/1900 07:00:00,0,1,103032,103007,103016
01/02/1988,,1,1,103033,103007,103016
01/02/1988,,1,1,103034,103007,103016
01/11/1987,01/01/1900 07:00:00,0,1,103024,102980,103010
01/11/1987,01/01/1900 17:00:00,0,1,103024,102980,103009
01/11/1987,,1,1,103024,102980,103009
01/10/1987,01/01/1900 17:00:00,0,1,102872,102851,102862
01/10/1987,01/01/1900 07:00:00,0,1,102871,102851,102862
01/10/1987,,1,1,102871,102851,102862
01/10/1987,,1,1,102872,102851,102862
01/09/1987,01/01/1900 17:00:00,0,1,102906,102868,102883
01/09/1987,01/01/1900 07:00:00,0,1,102907,102868,102883
01/09/1987,,1,1,102907,102868,102883
01/09/1987,,1,1,102907,102868,102883
01/08/1987,01/01/1900 17:00:00,0,1,102958,102908,102934
01/08/1987,01/01/1900 07:00:00,0,1,102958,102908,102934
01/08/1987,,1,1,102958,102908,102934
01/06/1987,01/01/1900 07:00:00,0,1,102989,102958,102975
01/06/1987,01/01/1900 17:00:00,0,1,102989,102958,102975
01/06/1987,,1,1,102989,102958,102975
01/05/1987,01/01/1900 07:00:00,0,1,103010,102998,103002
01/05/1987,01/01/1900 17:00:00,0,1,103010,102998,103002
01/05/1987,,1,1,103010,102998,103002
01/04/1987,01/01/1900 17:00:00,0,1,103021,103002,103010
01/04/1987,01/01/1900 07:00:00,0,1,103021,103002,103010
01/04/1987,,1,1,103021,103002,103010
